http://drachenboard.ml/soundfiles/antworten/ja.mp3;Ja
http://drachenboard.ml/soundfiles/antworten/nein.mp3;Nein
http://drachenboard.ml/soundfiles/antworten/nein2.mp3;Nein 2
http://drachenboard.ml/soundfiles/antworten/hallo.mp3;Hallo?
http://drachenboard.ml/soundfiles/antworten/servus.mp3;Servus
http://drachenboard.ml/soundfiles/antworten/raeusper.mp3;Räusper
http://drachenboard.ml/soundfiles/affennecher.mp3;Halt dich da fest du Affennecher
http://drachenboard.ml/soundfiles/drachenlord1.mp3;DRACHENLORD
http://drachenboard.ml/soundfiles/wacken.mp3;WACKEN
http://drachenboard.ml/soundfiles/satan.mp3;euren Satan vor euch
http://drachenboard.ml/soundfiles/rumscheissen.mp3;net rumscheißen
http://drachenboard.ml/soundfiles/abgefuckt.mp3;Ich bin ziemlich abgefuckt
http://drachenboard.ml/soundfiles/absichtlich.mp3;der provoziert doch absichtlich
http://drachenboard.ml/soundfiles/ads.mp3;Legasdeniger, ADSler
http://drachenboard.ml/soundfiles/anzeige.mp3;Montag fette dicke Anzeige
http://drachenboard.ml/soundfiles/anzurufen.mp3;hör auf mich anzurufen
http://drachenboard.ml/soundfiles/arschloch.mp3;letzte Arschloch
http://drachenboard.ml/soundfiles/asozialenidioten.mp3;asoziale Idioten
http://drachenboard.ml/soundfiles/aufsmaul.mp3;erstmal eine aufs Maul
http://drachenboard.ml/soundfiles/bescheuert.mp3;meinst du ich bin bescheuert oder was
http://drachenboard.ml/soundfiles/besuchmich.mp3;Komm her! Besuch mich!
http://drachenboard.ml/soundfiles/billicherscheisdreck.mp3;Würdet ihr mal aufhörn...
http://drachenboard.ml/soundfiles/bitch.mp3;Verfickte Bitch
http://drachenboard.ml/soundfiles/bleibhaltgeblockt.mp3;Bleib halt einfach mal geblockt
http://drachenboard.ml/soundfiles/bleibmalgebannt.mp3;Bleib mal gebannt
http://drachenboard.ml/soundfiles/boah.mp3;Boah
http://drachenboard.ml/soundfiles/boahey.mp3;Boah ey ich Hass des
http://drachenboard.ml/soundfiles/boahwichser.mp3;Boah du Wichser halt die Schnauze
http://drachenboard.ml/soundfiles/bsychologisch.mp3;Psychologischer Kollaps
http://drachenboard.ml/soundfiles/dadruben.mp3;Da drüben is die Tür
http://drachenboard.ml/soundfiles/daissa.mp3;Da issa scho wieda alda
http://drachenboard.ml/soundfiles/dannfliegstdu.mp3;Dann fliegst du
http://drachenboard.ml/soundfiles/dannhauichdichraus.mp3;Wenn du mich jetzt net in Ruhe lässt
http://drachenboard.ml/soundfiles/definitivweghaun.mp3;Ich werd euch definitiv weghaun
http://drachenboard.ml/soundfiles/deimudda.mp3;Des war dei Mudda
http://drachenboard.ml/soundfiles/deinemutter.mp3;Deine Mutter war ne Hure
http://drachenboard.ml/soundfiles/demzementier.mp3;Dem zementier ich so eine
http://drachenboard.ml/soundfiles/disconnecte.mp3;Wenns dir nich passt, bidde disconnecte
http://drachenboard.ml/soundfiles/dochverarscht.mp3;Die Vollidioten ham mich jetzt da doch verarscht
http://drachenboard.ml/soundfiles/doppeltgros.mp3;Hab i scho ein umghaut der war doppelt so groß
http://drachenboard.ml/soundfiles/dorianknast.mp3;Dorian hockt im Knast
http://drachenboard.ml/soundfiles/dreckan.mp3;geht dich einen Scheißdreck an
http://drachenboard.ml/soundfiles/drecksscheis.mp3;feiges Drecksscheißstück
http://drachenboard.ml/soundfiles/dubistdummer.mp3;Du bist dümmer als die Polizei erlaubt
http://drachenboard.ml/soundfiles/dubistgeblockt.mp3;Du bist geblockt
http://drachenboard.ml/soundfiles/dulachstdirnenast.mp3;Du lachst dir nen Ast
http://drachenboard.ml/soundfiles/dummergehts.mp3;Ohne Müst, dümmer gehts echt nimmer
http://drachenboard.ml/soundfiles/dummheit.mp3;vor Dummheit niederknien
http://drachenboard.ml/soundfiles/eingesperrt.mp3;Alle einsperren
http://drachenboard.ml/soundfiles/euerkinder.mp3;Euer Kindergartn geht mir so auf die Eier
http://drachenboard.ml/soundfiles/eyohnedreck.mp3;Ey ohne Dreck alta
http://drachenboard.ml/soundfiles/fettena.mp3;Wer is bidde Reiner?
http://drachenboard.ml/soundfiles/fettiwas.mp3;Fetti was geht
http://drachenboard.ml/soundfiles/fickdich.mp3;Fick dich ins Knie
http://drachenboard.ml/soundfiles/fickdichduassi.mp3;Fick dich du Assi
http://drachenboard.ml/soundfiles/fickdoch.mp3;Fick doch du einfach mal deine Mudder
http://drachenboard.ml/soundfiles/fickteuch.mp3;BOAH FICKT EUCH
http://drachenboard.ml/soundfiles/fickteuch1.mp3;fickt euch
http://drachenboard.ml/soundfiles/fotzen.mp3;hab ich jemals aufgebn?
http://drachenboard.ml/soundfiles/fuckduf.mp3;Fuck duf Hater
http://drachenboard.ml/soundfiles/funkmaus.mp3;ich hab sogar meine Funkmaus in der Hand
http://drachenboard.ml/soundfiles/gehteucheinen.mp3;geht euch einen Scheißdreck an
http://drachenboard.ml/soundfiles/gemobbt.mp3;Ich werd hier gemobbt
http://drachenboard.ml/soundfiles/geschissen.mp3;Wer hat dir bidde ins Hirn gschissen
http://drachenboard.ml/soundfiles/gummipuppe.mp3;arschgefickte Gummipuppe
http://drachenboard.ml/soundfiles/gutengrund.mp3;Hat glaub ich auch n guten Grund, dass ich Leute beleidige
http://drachenboard.ml/soundfiles/haltdiefresse.mp3;Halt die Fresse einfach
http://drachenboard.ml/soundfiles/hasswut.mp3;Hass =/= Wut
http://drachenboard.ml/soundfiles/hochstewesen.mp3;Ich bin des höchste Wesen
http://drachenboard.ml/soundfiles/hurensohn.mp3;Hurensohn
http://drachenboard.ml/soundfiles/ichfluchso.mp3;Ich fluch so lang rum
http://drachenboard.ml/soundfiles/ichhabdessagen.mp3;Ich hab des sagen
http://drachenboard.ml/soundfiles/ichsehalles.mp3;Ich seh alles
http://drachenboard.ml/soundfiles/ihrseidamarsch.mp3;Ihr seid am Arsch
http://drachenboard.ml/soundfiles/ihrseidtot.mp3;Ihr seid tot scheiß Hater
http://drachenboard.ml/soundfiles/immerdieseslululu.mp3;Immer wieder dieses LüLüLü
http://drachenboard.ml/soundfiles/ineressiertnet.mp3;Interessiert mich auch net wirklich
http://drachenboard.ml/soundfiles/interessiert.mp3;Was interessiertn mich des ob n paar Spacken denken ich bin dumm?
http://drachenboard.ml/soundfiles/irrenhaus.mp3;Irrenhaus oder was
http://drachenboard.ml/soundfiles/ja.mp3;Brüggl rausschmeißen
http://drachenboard.ml/soundfiles/keinbock.mp3;keinen Bock auf rechtfertigen
http://drachenboard.ml/soundfiles/keinbockm.mp3;hab kein Bock mehr
http://drachenboard.ml/soundfiles/keinbockmehr.mp3;Jedes mal alder
http://drachenboard.ml/soundfiles/keinechance.mp3;keine Chance
http://drachenboard.ml/soundfiles/keinfernsehen.mp3;kein Fernsehen sondern DVD
http://drachenboard.ml/soundfiles/kindergartn.mp3;Solcher Kindergartn
http://drachenboard.ml/soundfiles/kindergartne.mp3;muss des echt sein euer Kindergartn
http://drachenboard.ml/soundfiles/klapsen.mp3;Klapsen haben Ausgang
http://drachenboard.ml/soundfiles/knie.mp3;Fick dich ins Knie
http://drachenboard.ml/soundfiles/kopfhor.mp3;Ich hab Kopfhörer auf
http://drachenboard.ml/soundfiles/krankebastarde.mp3;Was seid ihr für kranke Bastarde
http://drachenboard.ml/soundfiles/krankewichser.mp3;kranke Mistwichser
http://drachenboard.ml/soundfiles/labertdoch.mp3;labert doch so lange Scheiße wie ihr wollt
http://drachenboard.ml/soundfiles/lacherlich1.mp3;bist so lächerlich
http://drachenboard.ml/soundfiles/lachfigur.mp3;Lachfigur
http://drachenboard.ml/soundfiles/lachwitzfigur.mp3;Lachwitzfigur
http://drachenboard.ml/soundfiles/lappen.mp3;Lappen
http://drachenboard.ml/soundfiles/leckmich.mp3;Leck mich am Arsch
http://drachenboard.ml/soundfiles/letztewarnung.mp3;Letzte Warnung
http://drachenboard.ml/soundfiles/libnhater.mp3;Libn Hater, Großalarm (Feuerwehreinsatz)
http://drachenboard.ml/soundfiles/loschdichselber.mp3;Lösch dich selber
http://drachenboard.ml/soundfiles/lugenraushauen.mp3;Hör auf die Lügen rauszuhauen
http://drachenboard.ml/soundfiles/lululu.mp3;LüLüLü
http://drachenboard.ml/soundfiles/lvl51.mp3;LvL 51 schützt nicht
http://drachenboard.ml/soundfiles/meddelt.mp3;meldet den alle mal bidde
http://drachenboard.ml/soundfiles/meddlloideverpiss.mp3;Meddl Loide = verpiss dich
http://drachenboard.ml/soundfiles/mehrabonennten.mp3;mehr Abonennten und Zuschauer als DU
http://drachenboard.ml/soundfiles/mehrumge.mp3;Mehr umghaut die größer warn
http://drachenboard.ml/soundfiles/merkstdunoch.mp3;Merkst du eigentlich noch was du für Lügen erzählst
http://drachenboard.ml/soundfiles/miteltern.mp3;Mit Eltern sprechen
http://drachenboard.ml/soundfiles/morgnis.mp3;Morgn is nix mehr
http://drachenboard.ml/soundfiles/mudda.mp3;Du schläfst noch mit deiner Mudder
http://drachenboard.ml/soundfiles/nazi.mp3;Du bistn Nazi
http://drachenboard.ml/soundfiles/nuttensohn.mp3;du Nuttensohn
http://drachenboard.ml/soundfiles/ohnefak.mp3;Boah alda ohne Fak man
http://drachenboard.ml/soundfiles/ohnescheis.mp3;Ohne Scheiß man
http://drachenboard.ml/soundfiles/ohnescheisaller.mp3;Wieder die Scheiße hier drin
http://drachenboard.ml/soundfiles/prozentignet.mp3;100%ig net
http://drachenboard.ml/soundfiles/rechne.mp3;rechnes dir aus Kollege
http://drachenboard.ml/soundfiles/rollstuhl.mp3;Ich hock im Rollstuhl
http://drachenboard.ml/soundfiles/rollstuhl1.mp3;Lügenwichser behauptet er sitzt im Rollstuhl
http://drachenboard.ml/soundfiles/rumgelaber.mp3;immer dieses Rumgelaber da
http://drachenboard.ml/soundfiles/scheisdreck1.mp3;so ein Scheißdreck
http://drachenboard.ml/soundfiles/scheisegal.mp3;is mir Scheißegal
http://drachenboard.ml/soundfiles/scheisescho.mp3;kann ja nicht wahr sein
http://drachenboard.ml/soundfiles/schnauzehalten.mp3;Schnauze halten und abhaun
http://drachenboard.ml/soundfiles/schwachsinn.mp3;genau der gleiche Schwachsinn
http://drachenboard.ml/soundfiles/schwachsinn1.mp3;son Schwachsinn
http://drachenboard.ml/soundfiles/schwachsinn2.mp3;dabei is des alles Schwachsinn
http://drachenboard.ml/soundfiles/seibermobbing.mp3;mittlerweile Seibermobbing
http://drachenboard.ml/soundfiles/selbstschutz.mp3;Lügen = Selbstschutz
http://drachenboard.ml/soundfiles/soeinegwaffelt.mp3;so eine gwaffelt
http://drachenboard.ml/soundfiles/spammen.mp3;Spammen
http://drachenboard.ml/soundfiles/spasti.mp3;Spasti alda
http://drachenboard.ml/soundfiles/spastiker.mp3;die ganzen Spastiker
http://drachenboard.ml/soundfiles/spastiker1.mp3;du bistn Spastiker alder
http://drachenboard.ml/soundfiles/spastikerwiederda.mp3;jetzt sind die ganzen Spastiker wieder da
http://drachenboard.ml/soundfiles/stinksauer.mp3;stinksauer
http://drachenboard.ml/soundfiles/totalfett.mp3;ich wette du bist total fett
http://drachenboard.ml/soundfiles/tuer.mp3;kehrt vor euer eigenen Haustür
http://drachenboard.ml/soundfiles/verdammtalt.mp3;du bist sowas von verdammt alt
http://drachenboard.ml/soundfiles/verdammte.mp3;verdammte Scheiße
http://drachenboard.ml/soundfiles/verreck.mp3;ich hoffe du verreckst an Dummheit
http://drachenboard.ml/soundfiles/videos.mp3;Ich bin der YouTuber, ich mach die Videos, wem das nicht passt da ist die Tür
http://drachenboard.ml/soundfiles/viech.mp3;verdammtes Viech
http://drachenboard.ml/soundfiles/vollidioten.mp3;nur noch Vollidioten
http://drachenboard.ml/soundfiles/vollknicken.mp3;des kannst du voll knicken
http://drachenboard.ml/soundfiles/vollpsych.mp3;voll die Psychosen
http://drachenboard.ml/soundfiles/wassolldiescheise.mp3;was soll denn diese verdammte Scheiße
http://drachenboard.ml/soundfiles/website.mp3;scheiß Website
http://drachenboard.ml/soundfiles/wennihrsprecht.mp3;wenn ihr sprecht
http://drachenboard.ml/soundfiles/wiedumm.mp3;wie dumm kann ein Mensch eigentlich sein
http://drachenboard.ml/soundfiles/witzfigur.mp3;Witzfigur
http://drachenboard.ml/soundfiles/zunennen.mp3;hör auf die so zu nennen wie mein Vadder
http://drachenboard.ml/soundfiles/einsichtig.mp3;nicht einsichtig
http://drachenboard.ml/soundfiles/eigentuemer.mp3;Eigentümer bin ich, weil des ich bin
http://drachenboard.ml/soundfiles/kriminell_leude.mp3;des is ja kriminell Loide
http://drachenboard.ml/soundfiles/dageche.mp3;da machen wir nix mehr dageche
http://drachenboard.ml/soundfiles/laecherlichbar.mp3;Hater sind nicht lächerlichbar
http://drachenboard.ml/soundfiles/wahlbetrug.mp3;Wahlbetrug
http://drachenboard.ml/soundfiles/sonderschule.mp3;Sonderschule nur scheiße gebaut
http://drachenboard.ml/soundfiles/keinemoeglichkeit.mp3;keine Möglichkeit zu bilden
http://drachenboard.ml/soundfiles/letzterotz.mp3;der letzte Rotz
http://drachenboard.ml/soundfiles/genugrumgspast.mp3;genug rumgspast
http://drachenboard.ml/soundfiles/selberverarschen.mp3;Stundenlang selber verarschen
http://drachenboard.ml/soundfiles/absichtlichvorsaetzlich.mp3;absichtlich und vorsätzlich
http://drachenboard.ml/soundfiles/haterterror.mp3;Hater = Terroristen
http://drachenboard.ml/soundfiles/dankeherrmueller.mp3;Danke Herr Müller
http://drachenboard.ml/soundfiles/abfotografiert.mp3;alles abfotografiert
http://drachenboard.ml/soundfiles/dankedafur.mp3;danke dafür iBlali
http://drachenboard.ml/soundfiles/coolestory.mp3;war echt ne coole Story
http://drachenboard.ml/soundfiles/drachestehtaufkinder.mp3;Drache steht auf Kinder
http://drachenboard.ml/soundfiles/fettfitt.mp3;fett und trotzdem fit
http://drachenboard.ml/soundfiles/gelogen.mp3;kurz um ich hab gelogen
http://drachenboard.ml/soundfiles/hasslich.mp3;Ich bin hässlich
http://drachenboard.ml/soundfiles/ichbinderrainer.mp3;Ich bin der Rainer
http://drachenboard.ml/soundfiles/kaffeinzucker.mp3;Kaffee in Zucker
http://drachenboard.ml/soundfiles/middlerweile24.mp3;Ich bin mittlerweile 24
http://drachenboard.ml/soundfiles/mittlerweile24.mp3;Ich bin mittlerweile 24 (lang)
http://drachenboard.ml/soundfiles/nachtskalt.mp3;Nachts isses kälter als draußen
http://drachenboard.ml/soundfiles/nurscheise.mp3;nur Scheiße im Hirn
http://drachenboard.ml/soundfiles/schmeispruggel.mp3;Ich schmeiß euch die Brüggl raus
http://drachenboard.ml/soundfiles/selbststandig.mp3;einiges erreicht
http://drachenboard.ml/soundfiles/subberaus.mp3;du bist richtig geil
http://drachenboard.ml/soundfiles/widerlich.mp3;wäh des is so widerlich
http://drachenboard.ml/soundfiles/zuanstrengend.mp3;zu anstrengend
http://drachenboard.ml/soundfiles/ziemlichegal.mp3;ziemlich scheiß egal
http://drachenboard.ml/soundfiles/rainscheisst.mp3;Rain... scheißt
http://drachenboard.ml/soundfiles/witzich.mp3;höhö bist du witzich
http://drachenboard.ml/soundfiles/blugehoertmirnet.mp3;Blu gehört mir net
http://drachenboard.ml/soundfiles/rudiwarnazisau.mp3;Rudi war Nazisau
http://drachenboard.ml/soundfiles/rainerindiegaskammer.mp3;Rainer in die Gaskammer
http://drachenboard.ml/soundfiles/ruditoteraidssau.mp3;Rudi tote Aidssau
http://drachenboard.ml/soundfiles/rainergibaruh.mp3;Rainer gib a Ruh
http://drachenboard.ml/soundfiles/rainersfaddalebt.mp3;Rainers Fadda lebt
http://drachenboard.ml/soundfiles/fettundmett.mp3;Rainer ist fett und Mett
http://drachenboard.ml/soundfiles/rllynigg.mp3;Really N*gger
http://drachenboard.ml/soundfiles/feigennigger.mp3;Hater die feigen N*gger
http://drachenboard.ml/soundfiles/niemandunterkriegen.mp3;niemand wird mich unterkriegen
http://drachenboard.ml/soundfiles/nichttoeten.mp3;nicht töten = unbesiegt
http://drachenboard.ml/soundfiles/diestaerkedieichbrauche.mp3;keiner von euch hätte die Stärke
http://drachenboard.ml/soundfiles/kommimrlan.mp3;Komm im Real Life an
http://drachenboard.ml/soundfiles/ichbineinwinkler.mp3;Ich bin ein Winkler!
http://drachenboard.ml/soundfiles/holdieferde.mp3;Hol die Pferde!
http://drachenboard.ml/soundfiles/bist_du_besoffen_junge.mp3;Bist du besoffen Junge?
http://drachenboard.ml/soundfiles/arbeitenseit14.mp3;Ich arbeite seit ich 14 bin
http://drachenboard.ml/soundfiles/ausscheissegeld.mp3;Ja, ich kann aus Scheiße Geld machen
http://drachenboard.ml/soundfiles/brauchnixmachen.mp3;Warum mach ich nix?
http://drachenboard.ml/soundfiles/dummwieich.mp3;keiner is so dumm wie ich
http://drachenboard.ml/soundfiles/gibtkeinderdummeris.mp3;Gibt keinen der dümmer ist als ich
http://drachenboard.ml/soundfiles/ichgeharbeitenseit14.mp3;Ich gehe arbeiten seit ich 14 bin
http://drachenboard.ml/soundfiles/keinplanvonderwelt.mp3;keinen Plan von der wirklichen Welt
http://drachenboard.ml/soundfiles/klamottenwaschen.mp3;Wie lange hast du die Klamotten waschen lassen
http://drachenboard.ml/soundfiles/lebenlangnixgearbeitet.mp3;euer Leben lang nix gearbeitet
http://drachenboard.ml/soundfiles/mindestlohn.mp3;Mindestlohn 7,40
http://drachenboard.ml/soundfiles/rumsitzenerarbeitet.mp3;Ich sitz hier nur rum weil ich mir des erarbeitet hab!
http://drachenboard.ml/soundfiles/selbststandigimsinne.mp3;Selbstständig im Sinne von...
http://drachenboard.ml/soundfiles/wirklichesleben.mp3;keine Ahnung was wirkliches Leben bedeutet
http://drachenboard.ml/soundfiles/wvinderstunde.mp3;Wie viel verdienst du in der Stunde?
http://drachenboard.ml/soundfiles/zuschauer.mp3;Wie viele Zuschauer hast du?
http://drachenboard.ml/soundfiles/mailbox.mp3;Drachenlords Mailbox
http://drachenboard.ml/soundfiles/diegeschichtevomdrache.mp3;das war die Geschichte vom Drachenlord
http://drachenboard.ml/soundfiles/hh2.mp3;HH 2
http://drachenboard.ml/soundfiles/hitlerfest.mp3;Hier gabs früher ein sogenanntes Hitlersfest
http://drachenboard.ml/soundfiles/neunzehntesjahrhundert.mp3;19. Jahrhundert
http://drachenboard.ml/soundfiles/eigenesboard.mp3;eigenes Soundboard
http://drachenboard.ml/soundfiles/bisschensoundboard.mp3;Ich spiel bisschen mit Soundboard
http://drachenboard.ml/soundfiles/wennshaterist.mp3;wenns n Hater is
http://drachenboard.ml/soundfiles/nurweildick.mp3;nur weil ich dick bin
http://drachenboard.ml/soundfiles/amarschbeieier.mp3;Am Arsch bei den Eiern
http://drachenboard.ml/soundfiles/html.mp3;billiches HTML
http://drachenboard.ml/soundfiles/billicheseide.mp3;ganz billiche Seite
http://drachenboard.ml/soundfiles/stolz.mp3;Loide ich bin so stolz auf euch
http://drachenboard.ml/soundfiles/metaldrachen.mp3;die Metaldrachenarmee wird siegen
http://drachenboard.ml/soundfiles/fangemeinde.mp3;Fangemeinde irgendwann so groß
http://drachenboard.ml/soundfiles/derbestelachtzumschluss.mp3;der Beste lacht zum Schluss
http://drachenboard.ml/soundfiles/draumberuf.mp3;Traumberuf? Hab ich ned
#http://drachenboard.ml/soundfiles/ads.mp3;Legasdenie und ADS# DUPLICATE
http://drachenboard.ml/soundfiles/bamtut.mp3;BAM tut des weh
http://drachenboard.ml/soundfiles/drachelacht1.mp3;Drache lacht
http://drachenboard.ml/soundfiles/drachelacht2.mp3;Drache lacht 2
http://drachenboard.ml/soundfiles/drachelacht3.mp3;Drache lacht 3
http://drachenboard.ml/soundfiles/drachelacht4.mp3;Drache lacht 4
http://drachenboard.ml/soundfiles/drachelacht6.mp3;Drache lacht 5
http://drachenboard.ml/soundfiles/drachenlord.mp3;Drachenlord
http://drachenboard.ml/soundfiles/drachesingt.mp3;Drache singt
#http://drachenboard.ml/soundfiles/ehmloid.mp3;ehm Loide# Sound is sent as file in Telegram
http://drachenboard.ml/soundfiles/etzela.mp3;etzela
http://drachenboard.ml/soundfiles/ferde.mp3;Hol dir Ferde!
http://drachenboard.ml/soundfiles/fliegeaufrainer.mp3;Fliege greift Rainer an
http://drachenboard.ml/soundfiles/fragebeantworten.mp3;Frage beantworten
http://drachenboard.ml/soundfiles/gebichzu.mp3;geb ich auch ganz ehrlich zu
http://drachenboard.ml/soundfiles/hassderhater.mp3;schür den Hass der Hater
http://drachenboard.ml/soundfiles/heiratsantrag.mp3;Willst du mich heiraten?
http://drachenboard.ml/soundfiles/heullord.mp3;Heullord
http://drachenboard.ml/soundfiles/hh.mp3;Heil Hiddler
http://drachenboard.ml/soundfiles/hinaus.mp3;auf was ich hinaus will
http://drachenboard.ml/soundfiles/ichheadbange.mp3;ich beantworte deine Fragen grade nicht weil ich Headbange
http://drachenboard.ml/soundfiles/ihrkonntmichnetsehn.mp3;ihr könnt mich net sehn aber ich Headbange
http://drachenboard.ml/soundfiles/inderview.mp3;Inderview
http://drachenboard.ml/soundfiles/jinglebells.mp3;Jingle Bells
http://drachenboard.ml/soundfiles/kaffeetrinken.mp3;Kaffee trinken gehen
http://drachenboard.ml/soundfiles/kampfansage.mp3;Es gibt immer noch einen Lord
http://drachenboard.ml/soundfiles/lel.mp3;lel
http://drachenboard.ml/soundfiles/lugenlord1.mp3;äh Lügenlord
http://drachenboard.ml/soundfiles/lugenlord12.mp3;Lügenlord
http://drachenboard.ml/soundfiles/meddlloid1.mp3;Meddl Loide
http://drachenboard.ml/soundfiles/meddlloid2.mp3;Meddl Loide 2
http://drachenboard.ml/soundfiles/meddlloid3.mp3;Meddl Loide 3
http://drachenboard.ml/soundfiles/meddlloid4.mp3;Meddl Loide 4
http://drachenboard.ml/soundfiles/mikropimmel.mp3;hier rennt jemand mit Name Mikropimmel rum
http://drachenboard.ml/soundfiles/milchinkaffee.mp3;Kaffee in meine Milch
http://drachenboard.ml/soundfiles/milchinkaffee1.mp3;Milch in meinen Kaffee
http://drachenboard.ml/soundfiles/muhahaha.mp3;muhahaha
http://drachenboard.ml/soundfiles/nichtmachen.mp3;ich werde das nicht machen
http://drachenboard.ml/soundfiles/rappendeppen.mp3;Rappen ist für Deppen
http://drachenboard.ml/soundfiles/rewe_renn.mp3;in die Rewe renn
http://drachenboard.ml/soundfiles/tjaloide.mp3;tja Loide
http://drachenboard.ml/soundfiles/wasbinich.mp3;Was bin ich?
http://drachenboard.ml/soundfiles/wozefak.mp3;wozefak?
http://drachenboard.ml/soundfiles/wtf.mp3;WTF?
http://drachenboard.ml/soundfiles/zahnluecke.mp3;Nuscheln wegen Zahnlücke
http://drachenboard.ml/soundfiles/zurholle.mp3;Was zur Hölle
http://drachenboard.ml/soundfiles/anatawadokoshoshindiska.mp3;anatawa dokoshoshindiska
http://drachenboard.ml/soundfiles/anatawanansadiska.mp3;anatawa nansadiska
http://drachenboard.ml/soundfiles/imbrinzipkonischiwa.mp3;im brinzip konischiwa
http://drachenboard.ml/soundfiles/sasiwadodiska.mp3;sasiwa dodiska
http://drachenboard.ml/soundfiles/konischiwa.mp3;konischiwa
http://drachenboard.ml/soundfiles/sorawasupashi.mp3;sorawa supashi
http://drachenboard.ml/soundfiles/sorewasuwatashi.mp3;sorewa suwatashi
http://drachenboard.ml/soundfiles/tadawatotomokanachi.mp3;tadawa totomokanachi
http://drachenboard.ml/soundfiles/watashibakarakimasda.mp3;watashiba karakimasda
http://drachenboard.ml/soundfiles/watashibasaires.mp3;watashiba saires
http://drachenboard.ml/soundfiles/loeschdich.mp3;Warum löscht du dich net?
http://drachenboard.ml/soundfiles/arbeiden.mp3;Muss ja noch auf Arbeid
http://drachenboard.ml/soundfiles/hast_du_meine_streams_mal_gsehne.mp3;Hast du meine Streams mal gsehn?
http://drachenboard.ml/soundfiles/freundints.mp3;Freundin hat im TS angestupst
http://drachenboard.ml/soundfiles/einsnachmandern.mp3;Eins nachm andern
http://drachenboard.ml/soundfiles/trollring.mp3;ganzer Trollring
http://drachenboard.ml/soundfiles/sprengen.mp3;gesehen und sprengen
http://drachenboard.ml/soundfiles/absichtlicheprovokation.mp3;Absichtliche Provokation
http://drachenboard.ml/soundfiles/absichtlicheprovokation2.mp3;Des war absichtliche Provokation
http://drachenboard.ml/soundfiles/angst.mp3;Paar Haterkollegen gebannt
http://drachenboard.ml/soundfiles/aufwas.mp3;Auf was ich hinaus wollte
http://drachenboard.ml/soundfiles/aufzuregen.mp3;keine Lust mich drüber aufzuregen
http://drachenboard.ml/soundfiles/bahnscheise.mp3;Bahn ist scheiße
http://drachenboard.ml/soundfiles/bannhammer.mp3;Bannhammer schwingen
http://drachenboard.ml/soundfiles/derzusammenhang.mp3;der Zusammehang ist...
http://drachenboard.ml/soundfiles/diskutieren.mp3;Geh bitte runter
http://drachenboard.ml/soundfiles/drachebannt.mp3;Drache bannt
http://drachenboard.ml/soundfiles/gegenteil.mp3;Beweis mir das Gegenteil
http://drachenboard.ml/soundfiles/gegenteil1.mp3;Genau das Gegenteil gesagt
http://drachenboard.ml/soundfiles/ichbinnedderdrache.mp3;Ich bin ned der Drache (Undercover)
http://drachenboard.ml/soundfiles/gleichesprechart.mp3;Gleiche Sprechart (Undercover)
http://drachenboard.ml/soundfiles/haaktion.mp3;Was war jetzt des für ne Aktion?
http://drachenboard.ml/soundfiles/hautkeinorgan.mp3;Organe sind des was du innerhalb deines Körpers hast
http://drachenboard.ml/soundfiles/interessiertnet.mp3;Es interessiert mich net
http://drachenboard.ml/soundfiles/keinergesprochen.mp3;von dir hat keiner gsprochen
http://drachenboard.ml/soundfiles/klappehalten.mp3;Halt doch einfach mal die Klappe
http://drachenboard.ml/soundfiles/lachruich.mp3;lach ruich
http://drachenboard.ml/soundfiles/meints.mp3;Mein TS, meine Regeln
http://drachenboard.ml/soundfiles/ohnegrund.mp3;ich banne nicht ohne Grund
http://drachenboard.ml/soundfiles/psychologie.mp3;Psychologie, JUNGE
http://drachenboard.ml/soundfiles/schlaueralsandere.mp3;Schlauer als andere
http://drachenboard.ml/soundfiles/sound.mp3;Ich weiß was Provokation ist
http://drachenboard.ml/soundfiles/weilessoist.mp3;Das ist weil es so ist
http://drachenboard.ml/soundfiles/wertrollt.mp3;Wer trollt fliegt
http://drachenboard.ml/soundfiles/zusammenhang.mp3;Wo verstehst du den Zusammenhang nicht
http://drachenboard.ml/soundfiles/psychisch.mp3;geistig und psychisch
#http://drachenboard.ml/soundfiles/afrosch.mp3;a Frosch# Sound is sent as file in Telegram
http://drachenboard.ml/soundfiles/arichtig.mp3;A richtig und B falsch
http://drachenboard.ml/soundfiles/arschauf.mp3;Arsch aufreißen
http://drachenboard.ml/soundfiles/ausdiemaus.mp3;aus die Maus, Brüggl raus
http://drachenboard.ml/soundfiles/biddeferlassuns.mp3;bidde ferlass uns
http://drachenboard.ml/soundfiles/boah_die_alte.mp3;Boah die alde zieh ich durch
http://drachenboard.ml/soundfiles/durchfall.mp3;Ich hab Durchfall
http://drachenboard.ml/soundfiles/freundlich.mp3;seid freundlich zu jedem Menschen
http://drachenboard.ml/soundfiles/getrolltwird.mp3;getrollt wird ned
http://drachenboard.ml/soundfiles/holocaust.mp3;Holocaust wär ne naise Sache
http://drachenboard.ml/soundfiles/ichkundige.mp3;ich kündige an, was nicht kommt
http://drachenboard.ml/soundfiles/jahr.mp3;Rainer und die Winterzeit
http://drachenboard.ml/soundfiles/keinoberteil.mp3;Ich trage grade kein Oberteil
http://drachenboard.ml/soundfiles/kgzuviel.mp3;Ich wiege ca. 140kg zu viel
http://drachenboard.ml/soundfiles/meddlermeddler.mp3;ein Meddler ist ein Meddler weil er Meddl hört
http://drachenboard.ml/soundfiles/meddlernazis.mp3;Meddler sind keine Nazis
http://drachenboard.ml/soundfiles/motorrad.mp3;Rainer und das Motorrad
http://drachenboard.ml/soundfiles/narzis.mp3;Narzismus = Assi
http://drachenboard.ml/soundfiles/netzujung.mp3;es gibt nicht zu jung, sondern nur zu eng
http://drachenboard.ml/soundfiles/nichtmehrjuden.mp3;nicht mehr die Juden, sondern ich
http://drachenboard.ml/soundfiles/nichtsbegriffen.mp3;nichts begriffen
http://drachenboard.ml/soundfiles/nurzueng.mp3;gibt net zu jung, nur zu eng
http://drachenboard.ml/soundfiles/russland.mp3;Russland gegen Hater
http://drachenboard.ml/soundfiles/seinalter.mp3;Rainer und sein Alter
http://drachenboard.ml/soundfiles/solauftdiewelt.mp3;so läuft die Welt bei den Meddlern
http://drachenboard.ml/soundfiles/wasser.mp3;Was braucht auch Nahrung um zu wachsen?
http://drachenboard.ml/soundfiles/weltverbessern.mp3;Es ging immer darum, die Welt zu verbessern
http://drachenboard.ml/soundfiles/yo.mp3;andere sagen Servus, die sagen Yo
http://drachenboard.ml/soundfiles/zilliarden.mp3;Bill Gates = Zilliarden
http://drachenboard.ml/soundfiles/metalleute.mp3;Metal Leute  
http://drachenboard.ml/soundfiles/npaararschlocha.mp3;Ich weiß das n paar Arschlöcher...  
http://drachenboard.ml/soundfiles/aufruf.mp3;Ich hab heut einen Aufruf  
http://drachenboard.ml/soundfiles/passaufichweiswoduwohnst.mp3;Irgendeiner...  
http://drachenboard.ml/soundfiles/werauchimmerdeswar.mp3;Wer auch immer des war  
http://drachenboard.ml/soundfiles/wennjemandmeinterkannmeinefamilie.mp3;Wenn jemand meint er kann meine Familie beleidigen  
http://drachenboard.ml/soundfiles/nurweilichdickbin.mp3;Dass ich nix kann nur weil ich dick bin!  
http://drachenboard.ml/soundfiles/kaggnazis.mp3;Metaler sind wesentlich stärker  
http://drachenboard.ml/soundfiles/machtmichfertig.mp3;MACHT MICH FERTIG!  
http://drachenboard.ml/soundfiles/desisgenaudiescheise.mp3;des is genau die Scheiße!  
http://drachenboard.ml/soundfiles/undwenneinermeint.mp3;und wenn einer meint, meine Schwester...  
http://drachenboard.ml/soundfiles/trauteuch.mp3;TRAUT EUCH, KOMMT ZU MIR!  
http://drachenboard.ml/soundfiles/mettwurstloide.mp3;Mettwurst Loide
http://drachenboard.ml/soundfiles/asb8.mp3;Altschauerberg 8
http://drachenboard.ml/soundfiles/aufdieichbockhab.mp3;Die Scheiße auf die ich Bock hab!
http://drachenboard.ml/soundfiles/dannsollerherkommen.mp3;dann soll er herkommen!
http://drachenboard.ml/soundfiles/derkaschperle.mp3;der Kaschperle
http://drachenboard.ml/soundfiles/dick.mp3;DICK
http://drachenboard.ml/soundfiles/dickdickdick.mp3;nur weil ich dick dick dick bin
http://drachenboard.ml/soundfiles/freunde.mp3;FREUNDEEE
http://drachenboard.ml/soundfiles/ichbruggldiescheiseauseuchraus.mp3;Ich brüggl die Scheiße aus euch raus!
http://drachenboard.ml/soundfiles/ihrhabtkeinechance.mp3;Ihr habt keine Chance!
#http://drachenboard.ml/soundfiles/kaggnazis1.mp3;Kaggnazis# Sound is sent as file in Telegram
http://drachenboard.ml/soundfiles/kleinenmiesendrecksschweine.mp3;kleinen miesen Drecksschweine
http://drachenboard.ml/soundfiles/kleinepisser.mp3;kleine Pisser
http://drachenboard.ml/soundfiles/kommteuch.mp3;Kommt euch, traut zu mir!
http://drachenboard.ml/soundfiles/pizzafalsch.mp3;irgendjemand hat meine Pizza falsch belegt
http://drachenboard.ml/soundfiles/ichsingeuchwas.mp3;Ich sing euch was
http://drachenboard.ml/soundfiles/legteuchmitmiran.mp3;legt euch mit mir an!
http://drachenboard.ml/soundfiles/nurweilichdickbin1.mp3;Nur weil ich dick bin!
http://drachenboard.ml/soundfiles/passauf.mp3;Pass auf, ich weiß wo du wohnst
http://drachenboard.ml/soundfiles/prugelrausschmeisen.mp3;Prügelrausschmeißen
http://drachenboard.ml/soundfiles/trauteuchkommtzumir.mp3;Traut euch, kommt zu mir!
http://drachenboard.ml/soundfiles/mehramsack.mp3;mehr Haare am Sack als du auf Kopf
http://drachenboard.ml/soundfiles/jungfrau.mp3;keine Jungfrau mehr
http://drachenboard.ml/soundfiles/andereeier.mp3;Eier sind weg
#http://drachenboard.ml/soundfiles/wiggsn2.mp3;Wiggsn?# Sound is sent as file in Telegram
http://drachenboard.ml/soundfiles/nichtwiggsn.mp3;Nicht wiggsn!
http://drachenboard.ml/soundfiles/netsoerfahren.mp3;net so erfahren
http://drachenboard.ml/soundfiles/maennernurseggs.mp3;mit Männer nur körperlich
http://drachenboard.ml/soundfiles/unbedingtkinder.mp3;unbedingt Kinder und Frau
http://drachenboard.ml/soundfiles/frauenalsauchmaenner.mp3;Liebe sowohl Frauen als auch Männer
http://drachenboard.ml/soundfiles/dreierwarauchklasse.mp3;Dreier war auch Klasse
http://drachenboard.ml/soundfiles/dasistgeil.mp3;Das ist geil
http://drachenboard.ml/soundfiles/nurcm.mp3;Nur 16 cm
http://drachenboard.ml/soundfiles/schwanz.mp3;Komm mitm Schwanz net so weit
http://drachenboard.ml/soundfiles/wiggsn.mp3;Wiggsflecken
http://drachenboard.ml/soundfiles/pferdepornos.mp3;Pferdepornos aufm Handy
http://drachenboard.ml/soundfiles/mehrschwanz.mp3;Mehr Schwänze im Mund ghabt als dei Mudder
http://drachenboard.ml/soundfiles/springan.mp3;Ich spring da net an
http://drachenboard.ml/soundfiles/keiladde.mp3;Kei Ladde kriecht
http://drachenboard.ml/soundfiles/ichfindsowasgeil.mp3;Ich find sowas geil
http://drachenboard.ml/soundfiles/bisexuel.mp3;Bin bisexuell Junge
http://drachenboard.ml/soundfiles/lust.mp3;Hälfte der Lust
http://drachenboard.ml/soundfiles/insekten.mp3;Insekten probiert
http://drachenboard.ml/soundfiles/prostata.mp3;Über Prostatamassage reden
http://drachenboard.ml/soundfiles/spermaistweis.mp3;Sperma ist weiß #mussmanwissen
http://drachenboard.ml/soundfiles/analsexgeil.mp3;Analsex = geil
http://drachenboard.ml/soundfiles/analsex.mp3;was denkst du über Analsex?
http://drachenboard.ml/soundfiles/eischleifen.mp3;Ei auf Boden schleifen
#http://drachenboard.ml/soundfiles/netzujung.mp3;net zu jung, nur zu eng# DUPLICATE
http://drachenboard.ml/soundfiles/fingerpo.mp3;Finger in den Po
http://drachenboard.ml/soundfiles/fingerimpo.mp3;Finger in Po 2
http://drachenboard.ml/soundfiles/grosbr.mp3;große Brüste
http://drachenboard.ml/soundfiles/rettich.mp3;Gurke oder Rettich eingeführt?
http://drachenboard.ml/soundfiles/welchemraum.mp3;in welchen Räumen getrieben?
http://drachenboard.ml/soundfiles/schongemacht.mp3;Ja, schon gemacht
http://drachenboard.ml/soundfiles/jederschon.mp3;hat jeder schon mal gemacht
http://drachenboard.ml/soundfiles/kindge.mp3;würdest du gerne ein Kind gebähren können
http://drachenboard.ml/soundfiles/kontakt.mp3;Kontakt mit 1 Mädchen
http://drachenboard.ml/soundfiles/manbh.mp3;Männer + BH = geil
http://drachenboard.ml/soundfiles/netgrosgenug.mp3;net groß genug
http://drachenboard.ml/soundfiles/nochnet.mp3;noch net gmacht
http://drachenboard.ml/soundfiles/penis.mp3;16 CM
http://drachenboard.ml/soundfiles/penispumpe.mp3;Penispumpe
http://drachenboard.ml/soundfiles/pralleeier.mp3;Pralle Eier
http://drachenboard.ml/soundfiles/pralleeier2.mp3;stehst du auf pralle Eier
http://drachenboard.ml/soundfiles/schambereich.mp3;rasierst du dir den Schambereich
http://drachenboard.ml/soundfiles/schlucken.mp3;schlucken oder spucken
http://drachenboard.ml/soundfiles/sexarbeit.mp3;Sex auf Arbeid
http://drachenboard.ml/soundfiles/sexspielzeuge.mp3;was für Sexspielzeuge
http://drachenboard.ml/soundfiles/onaniert.mp3;wie oft onaniert
http://drachenboard.ml/soundfiles/spermavonmann.mp3;Sperma von 1 Mann schlucken
http://drachenboard.ml/soundfiles/ramonerschwangerenutte.mp3;Ramoner schwangere Nutte
http://drachenboard.ml/soundfiles/wassertier88.mp3;Wassertier88
http://drachenboard.ml/soundfiles/rainerfiqqtramoner.mp3;Rainer fiqqt Ramoner Winkler
#http://drachenboard.ml/soundfiles/mikropimmel2.mp3;Mikropimmel# Sound is sent as file in Telegram
http://drachenboard.ml/soundfiles/nageltfraupopp.mp3;Rainer nagelt Frau Popp
http://drachenboard.ml/soundfiles/rudihat.mp3;Rudi hat Ramoner gefiqqt
http://drachenboard.ml/soundfiles/ritaleggdhodne.mp3;Rita leggd Hodne
http://drachenboard.ml/soundfiles/inotexpert.mp3;I not expert
http://drachenboard.ml/soundfiles/amilabert.mp3;n Ami labert übern Deutschen
#http://drachenboard.ml/soundfiles/asshole.mp3;Asshole# Sound is sent as file in Telegram
#http://drachenboard.ml/soundfiles/byebye.mp3;Bye Bye# Sound is sent as file in Telegram
http://drachenboard.ml/soundfiles/cometome.mp3;COME TO ME
http://drachenboard.ml/soundfiles/eiweis.mp3;Ei weiß
http://drachenboard.ml/soundfiles/guynotfunny.mp3;Guy, its not funny
http://drachenboard.ml/soundfiles/shutup.mp3;Guy, shut up
http://drachenboard.ml/soundfiles/guy.mp3;Guy!
http://drachenboard.ml/soundfiles/haltyourmouth.mp3;Halt your mouth
http://drachenboard.ml/soundfiles/ibustedyou.mp3;I busted YOU
http://drachenboard.ml/soundfiles/icanyounot.mp3;I can you not hear
#http://drachenboard.ml/soundfiles/inotexpert.mp3;I not expert# DUPLICATE
#http://drachenboard.ml/soundfiles/amilabert.mp3;n Ami labert übern Deutschen# DUPLICATE
#http://drachenboard.ml/soundfiles/asshole.mp3;Asshole# DUPLICATE
#http://drachenboard.ml/soundfiles/byebye.mp3;Bye Bye# DUPLICATE
#http://drachenboard.ml/soundfiles/cometome.mp3;COME TO ME# DUPLICATE
http://drachenboard.ml/soundfiles/icantlittle.mp3;I cant little speak English
http://drachenboard.ml/soundfiles/ihearyounot.mp3;I hear you not
http://drachenboard.ml/soundfiles/iloveingermany.mp3;I love in Germany
http://drachenboard.ml/soundfiles/bringustome.mp3;Bring us to me!
http://drachenboard.ml/soundfiles/iwillthisguy.mp3;I will this Guy breaken
http://drachenboard.ml/soundfiles/isyourbrain.mp3;Is your Brain busted?
http://drachenboard.ml/soundfiles/isnotfunny.mp3;Is not funny for me
http://drachenboard.ml/soundfiles/lockerd.mp3;Locker auf Deutsch redne
http://drachenboard.ml/soundfiles/myenglish.mp3;My english is really shit
http://drachenboard.ml/soundfiles/mystream.mp3;My stream in your stream
http://drachenboard.ml/soundfiles/whatisgoing.mp3;What is going you on
http://drachenboard.ml/soundfiles/why.mp3;Why?
http://drachenboard.ml/soundfiles/yes.mp3;Yes!
http://drachenboard.ml/soundfiles/youareaf.mp3;You are afraid for me
http://drachenboard.ml/soundfiles/bigasshole.mp3;You big asshole
http://drachenboard.ml/soundfiles/notidea.mp3;YOU BIG FAT ASSHOLE
http://drachenboard.ml/soundfiles/soidiot.mp3;so idiot
http://drachenboard.ml/soundfiles/youtubestealing.mp3;YouTube stealing
http://drachenboard.ml/soundfiles/ganzenweiber.mp3;wo sind denn jetzt die ganzen Weiber plötzlich hin
http://drachenboard.ml/soundfiles/neinalder.mp3;MANN ALDER [...]
http://drachenboard.ml/soundfiles/pisserhin.mp3;WO IS DER PISSER JETZT HIN
http://drachenboard.ml/soundfiles/waszurhoellewardas.mp3;WAS ZUR HÖLLE WAR DAS
http://drachenboard.ml/soundfiles/bloederhurensohn.mp3;DU BLÖDER HURENSOHN
http://drachenboard.ml/soundfiles/ichhassedas.mp3;ICH HASSE DAS
http://drachenboard.ml/soundfiles/verfluchtnochmal.mp3;VERFLUCHT NOCHMAL
http://drachenboard.ml/soundfiles/scheissidiot.mp3;DU SCHEIß IDIOT ALDER
http://drachenboard.ml/soundfiles/waszurhoellemachst.mp3;WAS ZUR HÖLLE MACHST DU DA
http://drachenboard.ml/soundfiles/verdammtervollidiot.mp3;Ezio du bist ein verdammter Vollidiot
http://drachenboard.ml/soundfiles/hoeraufmit.mp3;Hör auf mit der Scheiße
http://drachenboard.ml/soundfiles/netnochmal.mp3;DES MACHT IHR NED NOCHMAL
http://drachenboard.ml/soundfiles/kommklar.mp3;komm mal klar in deinem Schädel
http://drachenboard.ml/soundfiles/pferdefotze.mp3;Haternamen? Pferdefotze
http://drachenboard.ml/soundfiles/haltsmaulfotze.mp3;HALTS MAUL DU FOTZE
http://drachenboard.ml/soundfiles/wuerdeichdas.mp3;WÜRDE ICH RUMSCHREIEN?!
http://drachenboard.ml/soundfiles/abgefucktewichser.mp3;abgefuckte Wichser
http://drachenboard.ml/soundfiles/haltfressearschloch.mp3;Halt die Fresse du blöds Arschloch
http://drachenboard.ml/soundfiles/paarhurens.mp3;paar Hurensöhne
http://drachenboard.ml/soundfiles/kleinerpisser.mp3;du kleiner Pisser alder
http://drachenboard.ml/soundfiles/kleinerwichser.mp3;du kleiner Wichser alder
http://drachenboard.ml/soundfiles/kastanien.mp3;Kastanien quer in Arsch
http://drachenboard.ml/soundfiles/assisein.mp3;ICH BIN WAS ICH BIN
http://drachenboard.ml/soundfiles/lassmichinruhpisser.mp3;LASS MICH IN RUH DU PISSER
http://drachenboard.ml/soundfiles/runterduaffe.mp3;RUNTER DU AFFE
http://drachenboard.ml/soundfiles/hauuuuab.mp3;HAUUAUU AB
http://drachenboard.ml/soundfiles/gebruell.mp3;unverständliches, überhebliches Gebrüll
http://drachenboard.ml/soundfiles/feiglinge.mp3;ihr kleinen Feiglinge
http://drachenboard.ml/soundfiles/lebdamit.mp3;leb damit du kleiner Feigling
http://drachenboard.ml/soundfiles/sehnet.mp3;glaubst du ich seh dich net oder was
http://drachenboard.ml/soundfiles/macht.mp3;Du glaubst du hast Macht?
http://drachenboard.ml/soundfiles/ichbinjemand.mp3;ICH bin jemand
http://drachenboard.ml/soundfiles/keinerhelfen.mp3;dann kann euch keiner mehr helfen
http://drachenboard.ml/soundfiles/haltdiefotze.mp3;halt die Fotze
http://drachenboard.ml/soundfiles/haltdiefresse2.mp3;halt die Fresse
http://drachenboard.ml/soundfiles/tassenimschrank.mp3;habt ihr noch alle Tassen im Schrank
http://drachenboard.ml/soundfiles/deswarmeischeibe.mp3;DES WAR MEI SCHEIBE
http://drachenboard.ml/soundfiles/kaltmachen.mp3;DANN MACH ICH EUCH KALT
http://drachenboard.ml/soundfiles/dachschaden.mp3;HABT IHR NEN DACHSCHADEN ALDER
http://drachenboard.ml/soundfiles/spannerspinner.mp3;Spanner/Spinner
http://drachenboard.ml/soundfiles/wassollkagge.mp3;WAS SOLL DIESE FAK KAGGE
http://drachenboard.ml/soundfiles/anzeiche.mp3;Dann zeig ich dich an
http://drachenboard.ml/soundfiles/arrogant.mp3;ARROGANT NENNST DU DES?!
http://drachenboard.ml/soundfiles/arschlocha.mp3;VERDAMMTEN ARSCHLÖCHER
http://drachenboard.ml/soundfiles/dorianwichser.mp3;Dorian du blöder Wichser
http://drachenboard.ml/soundfiles/duwirstesbeuren.mp3;Du wirst es bereuen
http://drachenboard.ml/soundfiles/ganzewelt.mp3;Und wenn mich die ganze Welt hasst, bin ich immer noch da
http://drachenboard.ml/soundfiles/geharbeitne.mp3;GEH ARBEIDN ALDER
http://drachenboard.ml/soundfiles/gschmasst.mp3;Ich hab gsehn wie er was gschmasst hat
http://drachenboard.ml/soundfiles/hauab.mp3;HAU AB
http://drachenboard.ml/soundfiles/hauab2.mp3;HAU AB 2
http://drachenboard.ml/soundfiles/hauab3.mp3;HAU AB 3
http://drachenboard.ml/soundfiles/hauab4.mp3;HAU AB 4
http://drachenboard.ml/soundfiles/hautab5.mp3;HAUT AB
http://drachenboard.ml/soundfiles/hauab6.mp3;ICH SCHWÖR DIR HAU AB
http://drachenboard.ml/soundfiles/haudoch.mp3;HAU DOCH ENDLICH AB
http://drachenboard.ml/soundfiles/icharbeite.mp3;ICH ARBEITE WENIGSTENS
http://drachenboard.ml/soundfiles/inruh.mp3;lasst mich in Ruh
http://drachenboard.ml/soundfiles/jungepissdich.mp3;junge... VERPISS DICH
http://drachenboard.ml/soundfiles/keirichter.mp3;sacht kein Richter der Welt was
http://drachenboard.ml/soundfiles/riesiche_bombe.mp3;riesiche Bombe neigschmasst
http://drachenboard.ml/soundfiles/schaudas.mp3;schau das dich verpisst
http://drachenboard.ml/soundfiles/situation.mp3;MEINE SITUATION
http://drachenboard.ml/soundfiles/sollstdich.mp3;schau dass dich jetzt verpisst
http://drachenboard.ml/soundfiles/spacken.mp3;ICH HÖR DICH NED DU SPAGGN
http://drachenboard.ml/soundfiles/uberhauptnet.mp3;NEIN ÜBERHAUPT NET
http://drachenboard.ml/soundfiles/verpissdich.mp3;LOS VERPISS DICH ZU SCHWANZLUTSCHER
http://drachenboard.ml/soundfiles/verpissdich1.mp3;VERPISS DICH
http://drachenboard.ml/soundfiles/hochnehmundweg.mp3;Hochnehmen und Wegschmeißen
http://drachenboard.ml/soundfiles/haltdeinefresse.mp3;HALT. DEINE. FRESSE.
http://drachenboard.ml/soundfiles/niemalsbesiegen.mp3;IHR WERDET MICH NIEMALS BESIEGEN
http://drachenboard.ml/soundfiles/ihrseidnichts.mp3;IHR SEID NICHTS
http://drachenboard.ml/soundfiles/bevordiebullnekommen.mp3;BEVOR DIE BULLNE KOMMEN
http://drachenboard.ml/soundfiles/asozial.mp3;Nur weil ihr so asozial seid ne?
http://drachenboard.ml/soundfiles/desallerletzte.mp3;DES IS JA WOHL DES ALLERLETZTE
#http://drachenboard.ml/soundfiles/jaa.mp3;Ja# DUPLICATE
#http://drachenboard.ml/soundfiles/nein.mp3;Nein# DUPLICATE
#http://drachenboard.ml/soundfiles/nein2.mp3;Nein 2# DUPLICATE
http://drachenboard.ml/soundfiles/jaodernein.mp3;Ja oder Nein
#http://drachenboard.ml/soundfiles/hallo.mp3;Hallo?# DUPLICATE
#http://drachenboard.ml/soundfiles/hallo2.mp3;Hallo? 2# Sound is sent as file in Telegram
#http://drachenboard.ml/soundfiles/servus.mp3;Servus# DUPLICATE
http://drachenboard.ml/soundfiles/keineahn.mp3;keine Ahnung
http://drachenboard.ml/soundfiles/isnice.mp3;is nice
#http://drachenboard.ml/soundfiles/wasisdes.mp3;was is des# Sound is sent as file in Telegram
http://drachenboard.ml/soundfiles/aber.mp3;aber...
#http://drachenboard.ml/soundfiles/genau.mp3;Genau# Sound is sent as file in Telegram
http://drachenboard.ml/soundfiles/rausper.mp3;Räusper
http://drachenboard.ml/soundfiles/aehh.mp3;Ähh
http://drachenboard.ml/soundfiles/ah.mp3;Ähh 2
http://drachenboard.ml/soundfiles/ahm.mp3;Ähm
http://drachenboard.ml/soundfiles/aehm.mp3;Ähm 2
http://drachenboard.ml/soundfiles/alterwas.mp3;Alter was?
#http://drachenboard.ml/soundfiles/gut.mp3;Gut# Sound is sent as file in Telegram
#http://drachenboard.ml/soundfiles/ha.mp3;Hä# Sound is sent as file in Telegram
http://drachenboard.ml/soundfiles/junge.mp3;Junge
http://drachenboard.ml/soundfiles/moment.mp3;Moment
http://drachenboard.ml/soundfiles/schnaufen1.mp3;Schnaufen
http://drachenboard.ml/soundfiles/schnaufen2.mp3;Schnaufen 2
http://drachenboard.ml/soundfiles/schnaufen3.mp3;Schnaufen 3
http://drachenboard.ml/soundfiles/stohn.mp3;Ohhh
http://drachenboard.ml/soundfiles/ooohrg.mp3;Oooh
#http://drachenboard.ml/soundfiles/was.mp3;Was?# Sound is sent as file in Telegram
http://drachenboard.ml/soundfiles/washolle2.mp3;Was zur Hölle?
http://drachenboard.ml/soundfiles/werisndes.mp3;Wer isn des?
http://drachenboard.ml/soundfiles/warum1.mp3;Warum?
#http://drachenboard.ml/soundfiles/warumah.mp3;Warumäh# Sound is sent as file in Telegram
http://drachenboard.ml/soundfiles/warumdenn.mp3;Warum denn?
http://drachenboard.ml/soundfiles/warumeh.mp3;Warumääh
http://drachenboard.ml/soundfiles/warummachstdudes.mp3;Warum machst du des?
http://drachenboard.ml/soundfiles/hae.mp3;Hä?!
http://drachenboard.ml/soundfiles/haae.mp3;HÄÄ?
http://drachenboard.ml/soundfiles/allelattenamzaun.mp3;Habt ihr noch alle Latten am Zaun?
http://drachenboard.ml/soundfiles/wollt_ihr_mich_verarschne.mp3;Wollt ihr mich verarschne?
http://drachenboard.ml/soundfiles/berieselung.mp3;beri... Berieselung
http://drachenboard.ml/soundfiles/bietlies_beatles.mp3;the Bietlis... The Beatles
http://drachenboard.ml/soundfiles/budes_state.mp3;Budes State
http://drachenboard.ml/soundfiles/elektrizitatsrechnung_uberfallig.mp3;Elektrizitätsrechnung enthält überfällig
http://drachenboard.ml/soundfiles/geek_titel_aberkannt.mp3;Gag Titel aberkannt
http://drachenboard.ml/soundfiles/gripe_grippe.mp3;lass dich gegen Gripe impfen
http://drachenboard.ml/soundfiles/ich_tue_anderen_so_als_sei_ich_tough.mp3;ich tue vor allem anderen so als sei ich Tau
http://drachenboard.ml/soundfiles/kioten.mp3;Bären, Schlangen, Kioten
http://drachenboard.ml/soundfiles/klingelstander.mp3;herbstliche Atmosphäre im Klingelständer
http://drachenboard.ml/soundfiles/life_is_stranger.mp3;Life is Stranger
http://drachenboard.ml/soundfiles/oregano_oregonos.mp3;der beste Sänger Oregonos
http://drachenboard.ml/soundfiles/ultravixens_ultrawiggs.mp3;Ultrawichs

http://pr0gramm.me/sounds/Dragenlord/204%20Drachenlord%20-%20Bei%20uns%20kriegt%20jeder%20aufs%20Maul.mp3;Bei uns kriegt jeder aufs Maul
http://pr0gramm.me/sounds/Dragenlord/205%20Drachenlord%20-%20Da%20k%c3%b6nnt%20Ihr%20dr%c3%bcber%20lachen,%20ich%20steh%20zu%20meinem%20Zeuch.mp3;Da könnt Ihr drüber lachen, ich steh zu meinem Zeuch
http://pr0gramm.me/sounds/Dragenlord/206%20Drachenlord%20-%20Da%20k%c3%b6nnt%20Ihr%20dr%c3%bcber%20lachen.mp3;Da könnt Ihr drüber lachen
http://pr0gramm.me/sounds/Dragenlord/208%20Drachenlord%20-%20Das%20ist%20genau%20die%20Schei%c3%9fe%20auf%20die%20ich%20keinen%20Bock%20hab.mp3;Das ist genau die Scheiße auf die ich keinen Bock hab
http://pr0gramm.me/sounds/Dragenlord/212%20Drachenlord%20-%20HipHop%20Kaschper.mp3;HipHop Kaschper
http://pr0gramm.me/sounds/Dragenlord/215%20Drachenlord%20-%20Ich%20bin%20mal%20gespannt,%20wie%20das%20Ganze%20ausgeht.mp3;Ich bin mal gespannt, wie das Ganze ausgeht
http://pr0gramm.me/sounds/Dragenlord/218%20Drachenlord%20-%20Ich%20hab%20alles%20abfotografiert%20und%20habs%20mit%20Gimp%20reingespeichert.mp3;Ich hab alles abfotografiert und habs mit Gimp reingespeichert
http://pr0gramm.me/sounds/Dragenlord/219%20Drachenlord%20-%20Ich%20hab%20keinen%20hochgekriegt.mp3;Ich hab keinen hochgekriegt
http://pr0gramm.me/sounds/Dragenlord/221%20Drachenlord%20-%20Ich%20schmei%c3%9f%20dem%20so%20die%20Pr%c3%bcgel%20raus,%20dass%20der%20nie%20wieder%20aufsteht.mp3;Ich schmeiß dem so die Prügel raus, dass der nie wieder aufsteht
http://pr0gramm.me/sounds/Dragenlord/225%20Drachenlord%20-%20Lasst%20es,%20bringt%20Euch%20nichts.mp3;Lasst es, bringt Euch nichts
http://pr0gramm.me/sounds/Dragenlord/228%20Drachenlord%20-%20Meddl%20Loide%20und%20herzlich%20willkommen.mp3;Meddl Loide und herzlich willkommen
http://pr0gramm.me/sounds/Dragenlord/238%20Drachenlord%20-%20Drachen-Lord-Rap.mp3;Drachen-Lord-Rap
http://pr0gramm.me/sounds/Dragenlord/241%20Drachenlord%20-%20DAS%20hab%20ich%20jetzt%20allerdings%20nicht%20gemacht.mp3;DAS hab ich jetzt allerdings nicht gemacht
http://pr0gramm.me/sounds/Dragenlord/242%20Drachenlord%20-%20Momentan%20wird%20das%20so%20ausschauen,%20dass%20ich%20einfach%20dasitze.mp3;Momentan wird das so ausschauen, dass ich einfach dasitze
http://pr0gramm.me/sounds/Dragenlord/243%20Drachenlord%20-%20Desweiteren%20soll%20sp%c3%a4ter%20noch%20verschiedenes%20anderes%20Zeug%20kommen.mp3;Desweiteren soll später noch verschiedenes anderes Zeug kommen
http://pr0gramm.me/sounds/Dragenlord/244%20Drachenlord%20-%20Falls%20Du%20hier%20%c3%bcberhaupt%20noch%20zuschaust.mp3;Falls Du hier überhaupt noch zuschaust
http://pr0gramm.me/sounds/Dragenlord/245%20Drachenlord%20-%20Ich%20wei%c3%9f%20es%20ja%20net.mp3;Ich weiß es ja net
http://pr0gramm.me/sounds/Dragenlord/246%20Drachenlord%20-%20Wir%20m%c3%bcssen%20mal%20gucken.mp3;Wir müssen mal gucken
http://pr0gramm.me/sounds/Dragenlord/247%20Drachenlord%20-%20Da%20hab%20ich%20echt%20kein%20Bock%20auf%20diesen%20Schei%c3%9fdreck.mp3;Da hab ich echt kein Bock auf diesen Scheißdreck
http://pr0gramm.me/sounds/Dragenlord/249%20Drachenlord%20-%20Das%20hab%20ich%20schon%20mal%20gesacht.mp3;Das hab ich schon mal gesacht
http://pr0gramm.me/sounds/Dragenlord/250%20Drachenlord%20-%20N%c3%b6,%20stimmt%20einfach%20net.mp3;Nö, stimmt einfach net
http://pr0gramm.me/sounds/Dragenlord/251%20Drachenlord%20-%20Das%20ist%20mein%20Minimum,%20was%20ich%20diese%20Woche%20schaffen%20m%c3%b6chte.mp3;Das ist mein Minimum, was ich diese Woche schaffen möchte
http://pr0gramm.me/sounds/Dragenlord/252%20Drachenlord%20-%20Was%20ich%20normalerweise%20nie%20mach.mp3;Was ich normalerweise nie mach
http://pr0gramm.me/sounds/Dragenlord/253%20Drachenlord%20-%20Das%20ist%20halt%20echt%20%c3%a4rgerlich.mp3;Das ist halt echt ärgerlich
http://pr0gramm.me/sounds/Dragenlord/255%20Drachenlord%20-%20Ich%20wei%c3%9f%20nicht,%20wann%20und%20wie%20oft%20die%20kommen.mp3;Ich weiß nicht, wann und wie oft die kommen
http://pr0gramm.me/sounds/Dragenlord/256%20Drachenlord%20-%20Aber%20ab%20und%20zu%20werden%20die%20mal%20kommen.mp3;Aber ab und zu werden die mal kommen
http://pr0gramm.me/sounds/Dragenlord/257%20Drachenlord%20-%20Und%20da%20sag%20ich%20nur,%20dass%20es%20geplant%20ist,%20nicht%20dass%20es%20stattfindet.mp3;Und da sag ich nur, dass es geplant ist, nicht dass es stattfindet
http://pr0gramm.me/sounds/Dragenlord/258%20Drachenlord%20-%20Ich%20wei%c3%9f%20nicht%20warum.mp3;Ich weiß nicht warum
http://pr0gramm.me/sounds/Dragenlord/259%20Drachenlord%20-%20Ich%20hab%20auch%20zu%20%c3%bcberhaupt%20nichts%20Lust.mp3;Ich hab auch zu überhaupt nichts Lust
#http://pr0gramm.me/sounds/Dragenlord/260%20Drachenlord%20-%20Voll%20f%c3%bcrn%20Arsch.mp3;Voll fürn Arsch# Sound is sent as file in Telegram
#http://pr0gramm.me/sounds/Dragenlord/261%20Drachenlord%20-%20Das%20war%20voll%20krass.mp3;Das war voll krass# Sound is sent as file in Telegram
http://pr0gramm.me/sounds/Dragenlord/262%20Drachenlord%20-%20Und%20tschau%20Loide.mp3;Und tschau Loide
http://pr0gramm.me/sounds/Dragenlord/263%20Drachenlord%20-%20Okay%20es%20reicht%20auf%20jedenfall%20erstmal%20f%c3%bcr%20Stream%20heudde.mp3;Okay es reicht auf jedenfall erstmal für Stream heudde
http://pr0gramm.me/sounds/Dragenlord/264%20Drachenlord%20-%20Ich%20werd%20nochmal%20ein%20paar%20Grundregel%20festlegen.mp3;Ich werd nochmal ein paar Grundregel festlegen
http://pr0gramm.me/sounds/Dragenlord/265%20Drachenlord%20-%20Und%20wer%20sich%20da%20nicht%20dran%20h%c3%a4lt,%20der%20fliegt.mp3;Und wer sich da nicht dran hält, der fliegt
http://pr0gramm.me/sounds/Dragenlord/266%20Drachenlord%20-%20Mal%20wieder%20ein%20Stream%20der%20mit%20einer%20Schei%c3%9fe%20endet.mp3;Mal wieder ein Stream der mit einer Scheiße endet
http://pr0gramm.me/sounds/Dragenlord/267%20Drachenlord%20-%20Ich%20w%c3%bcrde%20euren%20Tag%20retten,%20wenn%20ich%20bleiben%20w%c3%bcrde,%20aber%20meinen%20vernichten.mp3;Ich würde euren Tag retten, wenn ich bleiben würde, aber meinen vernichten
http://pr0gramm.me/sounds/Dragenlord/268%20Drachenlord%20-%20Tschau%20Loidde.mp3;Tschau Loidde
http://pr0gramm.me/sounds/Dragenlord/269%20Drachenlord%20-%20K%c3%bcndigt.%20Niemals.%20Was%20an.mp3;Kündigt. Niemals. Was an
http://pr0gramm.me/sounds/Dragenlord/271%20Drachenlord%20-%20(pitched)%20Bidde%20hab%20erbarmen.mp3;(pitched) Bidde hab erbarmen
http://pr0gramm.me/sounds/Dragenlord/272%20Drachenlord%20-%20(pitched)%20Nein,%20bidde%20nicht.mp3;(pitched) Nein, bidde nicht
http://pr0gramm.me/sounds/Dragenlord/273%20Drachenlord%20-%20Niemals!.mp3;Niemals!
http://pr0gramm.me/sounds/Dragenlord/274%20Drachenlord%20-%20Wir%20machen%20das%20schon%20anst%c3%a4ndig.mp3;Wir machen das schon anständig
http://pr0gramm.me/sounds/Dragenlord/276%20Drachenlord%20-%20Das%20ist%20dann%20die%20Wurrrst%20alles%20Wurrst.mp3;Das ist dann die Wurrrst alles Wurrst
http://pr0gramm.me/sounds/Dragenlord/278%20Drachenlord%20-%20Ich%20hab%20nichts%20gesacht,%20ich%20bin%20drau%c3%9fen.mp3;Ich hab nichts gesacht, ich bin draußen
http://pr0gramm.me/sounds/Dragenlord/278%20Drachenlord%20-%20Ich%20mein,%20ich%20mach%20das%20ich%20mach%20des%20regelm%c3%a4%c3%9fig.mp3;Ich mein, ich mach das ich mach des regelmäßig
http://pr0gramm.me/sounds/Dragenlord/279%20Drachenlord%20-%20Ich%20kann%20%c3%bcber%20mich%20selbst%20lachen.mp3;Ich kann über mich selbst lachen
http://pr0gramm.me/sounds/Dragenlord/281%20Drachenlord%20-%20Das%20ist%20mein%20Lieblingszeitvertreib,%20wenn%20ich%20nicht%20grad%20irgendwas%20mach.mp3;Das ist mein Lieblingszeitvertreib, wenn ich nicht grad irgendwas mach
http://pr0gramm.me/sounds/Dragenlord/282%20Drachenlord%20-%20Aber%20da%20ist%20der%20Witz.mp3;Aber da ist der Witz
http://pr0gramm.me/sounds/Dragenlord/285%20Drachenlord%20-%20Spa%c3%9f%20kommt%20von%20Spa%c3%9f.mp3;Spaß kommt von Spaß
http://pr0gramm.me/sounds/Dragenlord/286%20Drachenlord%20-%20Ich%20hoffe,%20Ihr%20k%c3%b6nnt%20dr%c3%bcber%20lachen.mp3;Ich hoffe, Ihr könnt drüber lachen
http://pr0gramm.me/sounds/Dragenlord/287%20Drachenlord%20-%20Was%20hast%20n%20da%20wieder%20f%c3%bcrn%20Schei%c3%9f%20gemacht.mp3;Was hast n da wieder fürn Scheiß gemacht
http://pr0gramm.me/sounds/Dragenlord/289%20Drachenlord%20-%20%c3%96hhh%20ist%20der%20h%c3%a4sslich.mp3;Öhhh ist der hässlich
http://pr0gramm.me/sounds/Dragenlord/292%20Drachenlord%20-%20Ich%20empfange%20meine%20Haiter%20mit%20offenen%20Armen.mp3;Ich empfange meine Haiter mit offenen Armen
http://pr0gramm.me/sounds/Dragenlord/293%20Drachenlord%20-%20Und%20falls%20Ihr%20Euch%20l%c3%a4cherlich%20f%c3%bchlt,%20es%20tut%20mir%20echt%20Leid.mp3;Und falls Ihr Euch lächerlich fühlt, es tut mir echt Leid
http://pr0gramm.me/sounds/Dragenlord/294%20Drachenlord%20-%20Ich%20erwarte%20nicht,%20dass%20jemand%20der%20keine%20Ahnung%20von%20Meddl%20hat,%20kapiert,%20was%20ich%20mach.mp3;Ich erwarte nicht, dass jemand der keine Ahnung von Meddl hat, kapiert, was ich mach
http://pr0gramm.me/sounds/Dragenlord/296%20Drachenlord%20-%20Da%20war%20ich%20noch%20im%20Kindergarten,%20da%20war%20ich%20noch%20in%20der%20Vorschule%20man.mp3;Da war ich noch im Kindergarten, da war ich noch in der Vorschule man
http://pr0gramm.me/sounds/Dragenlord/297%20Drachenlord%20-%20Wer%20wei%c3%9f,%20wie%20lange%20das%20so%20weitergeht.mp3;Wer weiß, wie lange das so weitergeht
http://pr0gramm.me/sounds/Dragenlord/298%20Drachenlord%20-%20Dumme%20Lache.mp3;Dumme Lache
http://pr0gramm.me/sounds/Dragenlord/299%20L%c3%bcgenlordsong.mp3;Lülülü Song
http://pr0gramm.me/sounds/Dragenlord/301%20Drachenlord%20-%20Ich%20habe%20heute%20ein%20Gewinnspiel%20f%c3%bcr%20Euch.mp3;Ich habe heute ein Gewinnspiel für Euch
http://pr0gramm.me/sounds/Dragenlord/302%20Drachenlord%20-%20Ich%20hab%20mein%20Zeitgef%c3%bchl%20irgendwie%20verloren.mp3;Ich hab mein Zeitgefühl irgendwie verloren
http://pr0gramm.me/sounds/Dragenlord/303%20Drachenlord%20-%20Traut%20Euch,%20kommt%20zu%20mir,%20ich%20pr%c3%bcgel%20die%20Schei%c3%9fe%20aus%20euch%20raus.mp3;Traut Euch, kommt zu mir, ich prügel die Scheiße aus euch raus
http://pr0gramm.me/sounds/Dragenlord/304%20Drachenlord%20-%20Ich%20pr%c3%bcgel%20die%20Schei%c3%9fe%20so%20aus%20ihm%20heraus,%20dass%20der%20nie%20wieder%20aufsteht.mp3;Ich prügel die Scheiße so aus ihm heraus, dass der nie wieder aufsteht
